word,count
punkt,1149
przesyłowy,929
gazowy,890
OSP,774
system,676
paliwo,635
przepustowość,455
sieć,423
fizyczny,321
wyjście,317
wejście,313
ZUP,254
użytkownik,243
operator,235
określony,234
zasada,227
ilości,215
przydział,205
dany,198
gazociąg,193
przypadek,191
ruch,188
informacja,186
eksploatacja,186
nominacja,179
moc,177
gaz,176
Gaz-System,174
instrukcja,173
umowny,169
umowy,168
mowa,163
odbiorca,162
dzień,151
instalacja,146
bilansować,145
usługa,143
wniosek,142
doba,139
ograniczenie,137
zdolności,126
przekazywać,123
warunki,121
przesyłać,118
zakres,116
zgodnie,113
strona,113
przyłączenie,112
połączenie,108
grupa,107
renominacja,105
wartość,100
dobowy,98
zostać,97
OSD,96
termin,95
dotyczyć,93
ilość,92
dystrybucyjny,91
aukcja,89
podmiot,88
IRiESP,87
internetowy,85
udostępniać,85
cel,85
rama,85
zmiana,85
opłata,83
procedura,82
cena,81
godzina,80
podstawa,80
produkt,79
techniczny,77
dana,77
realizacja,77
okres,75
określać,72
międzysystemowy,72
każdy,70
magazynowy,70
pomiarowy,70
zawarcie,69
przekazać,67
ciągły,66
przyłączyć,66
postanowienie,66
dostępny,65
następować,65
miesiąc,65
zatwierdzić,65
praca,64
obszar,64
zbilansować,63
oferta,63
urządzenie,62
sytuacja,61
dostarczać,60
dostawa,60
umowa,58
następujący,58
zawierać,58
przydzielić,57
współpracować,56
przerywany,56
ciśnienie,55
dokument,55
systemowy,55
ziemny,55
bilansowy,54
usługi,53
informować,53
pobór,53
systema,53
wystąpienie,52
godzinowy,51
prognoza,51
alokacja,51
parametr,51
zawarty,50
wnioskodawca,50
rozliczenie,49
rynek,49
zobowiązany,48
osm,48
zapas,47
dotrzymać,47
sprzedawca,47
poszczególny,47
spalanie,47
bezpieczeństwo,45
być,45
ciepło,45
ustawa,45
wynikać,44
dokonywać,44
urbanistyczny,44
pomiędzy,43
maksymalny,43
zapewnienie,43
odebrać,42
URE,41
wirtualny,41
korzystać,41
stosować,40
porozumienie,40
publikować,40
odbiór,40
transakcja,39
energetyczny,39
możliwości,38
czas,38
wprowadzić,38
rozliczeniowy,38
platforma,38
część,37
działanie,37
szczególność,37
wprowadzać,37
awaryjny,37
pomiar,37
stanowić,36
prezes,36
SWI,36
odpowiadać,35
układ,35
związać,35
rzecz,34
tytuł,34
inny,34
maić,34
prawo,34
wymaganie,33
planować,33
niezwłocznie,33
wynik,33
funkcjonowanie,33
elektroniczny,32
rozpoczęcie,32
jakościowy,32
świadczyć,32
obowiązkowy,32
transportowy,32
niezbędny,31
tryb,31
obowiązek,31
otrzymać,31
opublikować,31
dane,31
nastąpić,31
plan,31
ciąg,31
europejski,31
prawny,30
roboczy,30
odpowiednio,30
polecenie,30
giełda,30
wykonywać,30
poprzez,30
miesięczny,30
składać,29
odbierać,29
wielkość,29
minimalny,29
wpływ,28
stacja,28
sprzedaż,28
brak,28
oświadczenie,27
późno,27
załącznik,27
umówić,27
PWP,27
zdolność,27
wskazany,26
dostarczyć,26
przesłaniać,26
przyjmować,26
trwanie,26
sam,26
prowadzenie,26
współpraca,26
uzyskać,26
wysokometanowy,26
różnica,25
chwila,25
osoba,25
przedsiębiorstwo,25
państwo,25
udostępnienie,25
odpowiedni,24
składany,24
magazynować,24
prawa,24
przepis,24
powiązać,24
powodować,24
lokalizacja,24
złożenie,24
rozporządzenie,24
zlokalizować,23
trakt,23
din,23
roczny,23
przysługiwać,22
pobierać,22
złożony,22
świadczenie,22
zgodność,22
uczestnik,22
kwh,22
opracował,22
zagrożenie,22
taki,22
objętość,21
zakłócenia,21
sprawa,21
istnieć,21
odsprzedaż,21
jakość,21
wraz,21
wymian,21
data,21
źródło,20
jeden,20
wzór,20
temperatura,20
ustalić,20
miejsce,20
wstrzymanie,20
dodatkowy,20
działalność,20
uruchomić,20
całkowity,20
rozwój,20
gazomierz,20
wysoki,20
finansowy,20
przyjęty,20
obrót,20
formia,20
ochrona,19
służba,19
pobrać,19
spełniać,19
wprowadzenie,19
artykuł,19
zarządzanie,19
polski,19
bezpośrednio,19
odniesienie,19
przewidywać,18
wyznaczyć,18
uwzględnienie,18
zatwierdzenie,18
wymagać,18
obowiązywać,18
ubiegać,18
odrzucenie,18
zastrzeżenie,18
opisać,18
postępowanie,18
przeprowadzić,18
proces,17
szacunkowy,17
oferować,17
wymienić,17
regazyfikacja,17
rewersowy,17
wyłączenie,17
dokonać,17
zapotrzebowanie,17
woda,17
polegać,17
handlowy,17
pierwsza,17
aukcyjny,17
rozliczać,16
limit,16
właściwy,16
zakończenie,16
zainstalować,16
dotychczasowy,16
kolejny,16
określenie,16
złożyć,16
pozycja,16
utworzyć,16
uzgadniać,16
przeprowadzać,16
zastosowanie,16
zrealizować,16
telemetryczny,16
wykorzystywać,15
ustalać,15
realizować,15
wykorzystanie,15
rosa,15
dystrybucja,15
redukcja,15
zgoda,15
rozpatrywać,15
podpisać,15
technologiczny,15
neutralność,15
rozpatrzenie,15
czternaście,15
kraj,15
wyznaczać,15
zapewniać,15
zmienić,15
zgłosić,15
droga,14
rezygnacja,14
powinny,14
poprzedni,14
kwietni,14
końcowy,14
zasilanie,14
przypisać,14
śróddzienny,14
minister,14
zgłaszać,14
przyczyna,14
energia,14
objąć,14
przesył,14
dokonanie,14
pakiet,14
mieć,14
dostosować,14
skład,14
stan,14
nowy,13
decyzja,13
mechanizm,13
który,13
zwać,13
rozwiązanie,13
usta,13
zapewnić,13
telemetria,13
kwartalny,13
strumień,13
sprawdzić,13
dostęp,13
utrzymywać,13
pierwsze,13
dopuszczalny,13
móc,13
dwa,13
aktualizacja,13
sposób,13
eksploatować,13
zawartość,13
kolejność,13
jednostka,13
jedno,13
przekroczenie,13
konieczność,13
przyjęcie,13
unia,13
gospodarczy,13
zero,12
jaki,12
referencyjny,12
poniższy,12
przyłączać,12
dostawca,12
poinformować,12
raport,12
szczegółowy,12
wykup,12
handel,12
przedstawić,12
zleceniodawca,12
łączyć,12
poprzedzać,12
suma,12
uwzględniać,12
właściciel,12
ogólny,12
niski,12
przekraczać,12
remont,12
krajowy,12
spowodować,12
krańcowy,12
umożliwiać,11
wystąpić,11
zmniejszenie,11
zdarzenie,11
jaka,11
status,11
swój,11
występować,11
prowadzony,11
uzyskiwać,11
kupno,11
składanie,11
mieszalnia,11
oparcie,11
warunkowo,11
życie,11
sprawdzać,11
nowe,11
projekt,11
zintegrować,11
październik,11
najmniej,11
należeć,11
pięć,11
wzajemny,11
uprawniony,11
przyłączanie,11
następny,11
uzupełnienie,11
obliczenie,11
analiza,11
posiadający,11
sporządzać,11
odazotownia,11
taryfa,10
uzgodnić,10
pisemny,10
warunek,10
kontrola,10
długi,10
zakup,10
stosunek,10
rozumienie,10
wyliczyć,10
standardowy,10
wyłącznie,10
wnioskować,10
upoważnić,10
podawać,10
odrębnie,10
zachowanie,10
lipiec,10
bezwzględny,10
przydzielać,10
obowiązujący,10
zarezerwować,10
prace,10
gospodarka,10
codziennie,10
obiekt,10
wynosić,10
wszelki,10
obejmować,10
zabezpieczenie,10
umożliwić,10
udział,10
podejmować,10
związek,10
rad,10
potwierdzenie,10
udostępnić,10
środki,10
ekonomiczny,9
trzy,9
niezwłoczny,9
format,9
uszkodzenie,9
uwaga,9
stopień,9
potrzeba,9
znajdować,9
siedem,9
własność,9
przekroczyć,9
nowa,9
awaria,9
liczba,9
średni,9
nabyć,9
proporcjonalnie,9
język,9
wyrazić,9
doręczyć,9
doza,9
podlegać,9
rok,9
możliwość,9
podział,9
faktura,9
wielki,9
regulamin,9
marzec,9
planowanie,9
kodeks,9
średnia,9
powód,8
wskazywać,8
wpłynąć,8
równać,8
modernizacja,8
mod,8
wyróżniać,8
dotyczeć,8
członkowski,8
podjąć,8
treści,8
członek,8
norma,8
zawrzeć,8
bezpośredni,8
określić,8
marża,8
trzydzieści,8
odrębny,8
pojemność,8
prawidłowy,8
względny,8
przywóz,8
zapasy,8
niejawny,8
uważać,8
powyżej,8
stawka,8
regulacja,8
środowisko,8
nazwa,8
września,8
wzywać,8
ostatni,8
rzeczpospolita,8
weryfikacja,8
rodzaj,8
rzeczywisty,8
powstanie,8
siedziba,8
zgodny,8
sąsiedni,8
przerwa,8
odpowiedzialny,8
cztery,8
dalej,8
poziom,7
przygotowywać,7
wiążący,7
przesłać,7
różny,7
poniżej,7
wydanie,7
aniżeli,7
spełnienie,7
posiadać,7
przyłączeniowy,7
wezwanie,7
przedłożyć,7
przedkładać,7
wykonać,7
sporządzić,7
prowadzić,7
wówczas,7
osiem,7
wersja,7
skutek,7
operatywny,7
operatorski,7
potwierdzający,7
przedstawiciel,7
powiadomienie,7
podgrupa,7
daleki,7
terytorium,7
uiścić,7
towarowy,7
niniejszy,7
nieposiadający,7
obliczać,7
całość,7
oba,7
fakt,7
obniżenie,7
normalny,7
zobowiązanie,7
żądanie,7
dyspozytorski,7
koniec,7
służąca,7
zmierzyć,7
formularz,7
czterdzieści,7
uzupełniający,7
uzasadniony,7
odbywać,7
uwzględnić,7
nieprzewidziany,7
czym,7
zużycie,7
kpać,7
naliczać,7
koszty,7
integralność,7
krótki,7
zasilać,7
kwartalne,7
inwestycja,7
skutkować,6
podstawowy,6
oryginał,6
terminal,6
podwyższyć,6
prognozować,6
waluta,6
przywrócić,6
wolny,6
kryterium,6
wymiana,6
przystąpienie,6
sieciowy,6
pierwszy,6
mniejszy,6
funkcjonalny,6
parlament,6
par,6
formalny,6
podać,6
przyjąć,6
naturalny,6
płatność,6
otrzymywać,6
min,6
protokół,6
jednocześnie,6
minuta,6
rzadko,6
wykaz,6
dokonany,6
porozumiewać,6
kontaktowy,6
numer,6
konto,6
trzeci,6
założenie,6
pozostały,6
ponowny,6
wypowiedzenie,6
wskazanie,6
rozbudowa,6
zniszczenie,6
zobowiązywać,6
dysponować,6
ocena,6
odmowy,6
bieżący,6
powiadamiać,6
rozruch,6
przelicznik,6
błąd,6
niezawodność,6
zajmujący,6
niezgodność,6
zwiększenie,6
mniejszeć,5
uzgodnienie,5
kwartał,5
tranzytowy,5
mniej,5
infrastruktura,5
wobec,5
skroplić,5
przedmiot,5
możliwy,5
tok,5
porównywać,5
kontakt,5
adres,5
załączyć,5
pokrywać,5
miara,5
wymóg,5
charakterystyka,5
mały,5
prawidłowość,5
wymoga,5
wystawić,5
jednostki,5
wypadek,5
komisja,5
koncesja,5
lokalizować,5
ponosić,5
teren,5
sprecyzować,5
liczyć,5
uiszczać,5
odczyt,5
zmieniać,5
zimowy,5
następnie,5
bonifikata,5
tabela,5
wzrost,5
zależność,5
równy,5
czynności,5
reprezentacja,5
czynny,5
sum,5
ograniczony,5
opracowywać,5
dwadzieścia,5
własny,5
niewłaściwy,5
stwierdzić,5
swoje,5
okresowy,5
odpowiedzialność,5
przewidzieć,5
ustanawiać,5
przepływ,5
usunięcie,5
ciągło,5
wcześnie,5
odnośnie,5
taka,5
uniemożliwiać,5
pozagiełdowy,4
kompletny,4
połączyć,4
powiadomić,4
uzupełnić,4
rygor,4
rozpoczynać,4
typ,4
uruchamiać,4
definicja,4
kod,4
drugi,4
angielski,4
współczynnik,4
tydzień,4
dostosowywać,4
utrzymanie,4
reprezentować,4
zastosowany,4
rozdział,4
spełnić,4
dozwolić,4
upływ,4
pozostawiać,4
wyrażać,4
rezerwowy,4
pozostawić,4
badanie,4
wstrzymać,4
upłynąć,4
przychod,4
algorytm,4
wydać,4
czerwiec,4
chromatograf,4
wyliczać,4
skraplanie,4
interes,4
zwrotny,4
przetwarzanie,4
wykorzystać,4
giełdowy,4
złoże,4
przesłanie,4
przejście,4
skan,4
wykonanie,4
izm,4
forma,4
zwrot,4
zaświadczenie,4
zawiadomienie,4
długoterminowy,4
uzasadnienie,4
katalog,4
efektywny,4
arytmetyczny,4
zlecenie,4
publikacja,4
przypisywać,4
publiczny,4
zlecać,4
średnioważony,4
energetyk,4
etap,4
wyciąg,4
zgłoszenie,4
siarka,4
kontrolny,4
zadanie,4
stwierdzenie,4
moment,4
podanie,4
organizacyjny,4
organ,4
własne,4
oprócz,4
podjęcie,4
niewystarczający,4
zaoferować,4
mierzyć,4
brać,4
użytkowanie,4
pojedynczy,4
budowa,4
okazać,4
stabilność,4
temat,4
staranie,4
zapłata,4
stosownie,4
należności,4
naliczyć,4
pełny,4
pełnomocnictwo,4
nadzwyczajny,4
wznowienie,4
tajemnica,4
cały,4
strumienić,4
plik,4
oznaczać,4
ostatnie,4
osobowość,4
używać,4
utrata,4
aktualny,4
maksymalnie,4
braki,4
obowiązany,4
traktować,4
odnotować,4
odpowiedzialna,4
letni,4
wysokość,4
zarówno,4
odmówić,4
zachodzić,4
potrzeb,4
zainteresowany,4
zaakceptować,4
którykolwiek,4
spośród,4
ponadto,4
włącznie,4
oddanie,4
rozbudowywać,3
niedyskryminacyjny,3
średniodobowy,3
wydawać,3
pismo,3
niekorzystny,3
należyty,3
pisemnie,3
zredukować,3
stracić,3
przypadać,3
faktyczny,3
wiadomości,3
oznaczenie,3
wzorzec,3
oceniać,3
napełniać,3
sesja,3
schemat,3
naprawa,3
saldo,3
odmowa,3
naruszenie,3
usytuowanie,3
stosowny,3
odpis,3
zrównoważenie,3
funkcja,3
przygotować,3
zrezygnować,3
analizować,3
ewentualny,3
nominować,3
rozbieżność,3
okoliczności,3
niezależny,3
dziesięcioletni,3
wspólnie,3
dołożyć,3
brzmienie,3
reakcja,3
dziesiąty,3
właściwość,3
nieokreślony,3
dyrektywa,3
zaistnieć,3
remontowy,3
zaistniały,3
ograniczyć,3
zobowiązana,3
regulować,3
ryzyka,3
wyrównanie,3
radca,3
rada,3
przyłącze,3
zrealizowanie,3
rejestracja,3
częściowy,3
zostawać,3
nieprawidłowość,3
element,3
dopuścić,3
wchodzący,3
nietrafność,3
całodobowy,3
wchodzić,3
opracowanie,3
zmienność,3
obecny,3
granica,3
krótkoterminowy,3
harmonogram,3
inwestycyjny,3
centralny,3
uchylać,3
pominąć,3
pokrywa,3
uczestniczyć,3
charakteryzować,3
pokrycie,3
każdorazowo,3
wynagrodzenie,3
terytorialnie,3
chcący,3
hasło,3
podmiotowy,3
projektować,3
ściśliwość,3
mieścić,3
jednoczesny,3
jednakowy,3
poddawać,3
wywiązać,3
prowadzący,3
traktowanie,3
poświadczyć,3
sprzedać,3
powstały,3
poufny,3
kserokopia,3
kształtować,3
wyrażenie,3
koszt,3
użycie,3
trwać,3
powstawanie,3
złożone,3
laboratorium,3
luty,3
kopalnia,3
kontraktowy,3
lato,3
legalizacja,3
wystawiać,3
pozwalać,3
tworzyć,3
transmisja,3
login,3
stanowisko,3
adwokat,3
gęstość,3
nagły,3
akceptacja,3
wzajemnie,3
stawek,3
ulegać,3
przejrzysty,3
indeks,3
informacyjny,3
przegląd,3
informatyczny,3
przeliczać,3
alokować,3
przenosić,3
import,3
naftowy,3
przemysłowy,3
przedsiębiorca,3
przedstawiać,3
stała,3
nadanie,3
zdrowie,3
integralny,3
nabycie,3
tekst,3
zamierzać,3
stały,3
turbinowy,2
usunąć,2
siarkowodór,2
aktualizować,2
ustalenie,2
różnić,2
sześcienny,2
siódmy,2
uległy,2
winien,2
transport,2
wejściowy,2
technicznie,2
spory,2
rozstrzygać,2
swoić,2
sierpień,2
aktualnie,2
siła,2
równe,2
sumaryczny,2
skoordynować,2
ujawniać,2
standard,2
upoważnienie,2
użyty,2
statyczny,2
równocześnie,2
akredytować,2
równoważyć,2
udzielać,2
uzasadnić,2
staje,2
używanie,2
staja,2
stabilny,2
statystyczny,2
spalenie,2
układy,2
urząd,2
służący,2
uniknąć,2
wnosić,2
towar,2
styczeń,2
tożsamość,2
rurociąg,2
runda,2
tłumaczenie,2
substrat,2
staranność,2
składować,2
rtęć,2
prezesowy,2
rozliczyć,2
zaktualizować,2
niedostępny,2
zaległość,2
nałożyć,2
następna,2
zamawiać,2
należąca,2
należycie,2
zamieścić,2
nabywca,2
zamówić,2
możliwie,2
ministrowy,2
cenowy,2
miał,2
zapobieganie,2
metr,2
magazyn,2
lista,2
likwidacja,2
licytacja,2
kurs,2
krok,2
kończyć,2
zakład,2
nieruchomość,2
względem,2
nieuprawniony,2
wziąć,2
pasować,2
wznowić,2
paliwowy,2
oszacować,2
osiągnąć,2
władza,2
oprzeć,2
opracować,2
opałowy,2
ogłaszać,2
bądź,2
odszkodowanie,2
odstąpić,2
zabezpieczający,2
odnawialny,2
odmawiać,2
zachować,2
łączny,2
rozgraniczenie,2
zagrażać,2
obecność,2
niezgodny,2
zaspokojenie,2
korespondencja,2
kopalniany,2
zastrzec,2
zerowy,2
gwałtowny,2
gwarantować,2
faktycznie,2
elastyczność,2
eksploatacyjny,2
efektywność,2
zmagazynować,2
dziesięć,2
zmniejszać,2
działać,2
zwolnić,2
druga,2
zobowiązać,2
częstotliwość,2
doręczać,2
doprowadzić,2
dopiero,2
dokładać,2
zredukowany,2
dodatkowo,2
deficyt,2
zweryfikować,2
identyfikacyjny,2
imienie,2
indywidualny,2
charakterystyki,2
kontrahent,2
konsultacja,2
konserwacja,2
konkretny,2
konieczny,2
zatłaczać,2
komunikat,2
komunikacja,2
charakter,2
kompleksowy,2
kierunek,2
zwłoki,2
kalkulacja,2
kalendarz,2
językowy,2
jednolity,2
zbiór,2
istotny,2
instrument,2
zbędny,2
zdalny,2
chyba,2
pełnić,2
obniżyć,2
potencjalny,2
autoryzować,2
przebywać,2
połowa,2
poniedziałek,2
płyn,2
przebudowa,2
promesa,2
przestrzegać,2
bezpieczny,2
ponownie,2
poprawność,2
produkcja,2
wybór,2
wycofanie,2
procesowy,2
postać,2
pomniejszyć,2
bank,2
wypełnić,2
przesłanka,2
wyrównywać,2
powiększyć,2
wyposażenie,2
powyższy,2
pozostawać,2
wydzielić,2
przysięgła,2
przynajmniej,2
wyprzedzenie,2
automatycznie,2
średnioroczny,2
pomoc,2
przerwanie,2
przecinek,2
począć,2
rotorowy,2
wzgląd,2
piętnasty,2
piętnaście,2
pln,2
plomba,2
poborowy,2
przeliczyć,2
przejściowy,2
przedział,2
przedstawienie,2
biuletyn,2
rezerwować,2
poczt,2
wspólny,2
remit,2
podwyższać,2
polityk,2
występowanie,2
wysyłać,2
przeciwdziałanie,2
regazyfikacyjny,2
podawanie,2
pozytywny,2
regon,2
regularny,2
rejestr,2
wykazać,2
zbiorczy,1
wyjątek,1
zawiadamiać,1
zbudować,1
wydruk,1
wydobywać,1
założyć,1
uznanie,1
wyjątkowy,1
uznany,1
wydłużenie,1
wiadomość,1
zdanie,1
zwracać,1
wskazać,1
zwalniać,1
zużywać,1
zróżnicować,1
współdziałanie,1
wstrzymywać,1
znana,1
wstęp,1
znaczny,1
znaczenie,1
wstępna,1
zmniejszyć,1
wybrana,1
uwarunkowanie,1
wybudować,1
zdefiniować,1
wprost,1
środek,1
zgromadzić,1
zwrócić,1
zewnętrzny,1
zwężka,1
wpis,1
wolumen,1
wycofać,1
zebrać,1
zebranie,1
wycofywać,1
uzasadniać,1
woli,1
wykonawczy,1
wynieść,1
zatłoczyć,1
zachowywać,1
średnica,1
wystarczający,1
warszawa,1
świnoujście,1
wieloletni,1
ważność,1
ważyć,1
wystawienie,1
wbudować,1
zagregowany,1
zagranica,1
wczesny,1
zafałszowanie,1
zaciągać,1
zaburzenia,1
zalegać,1
wysłać,1
zaalokowany,1
wytwarzanie,1
włączyć,1
wytyczna,1
włączać,1
wywiązywać,1
wyłączać,1
węglowodór,1
węgiel,1
weryfikacyjny,1
wewnątrzwspólnotowy,1
wewnętrzny,1
wgląd,1
zakłócenie,1
wysoce,1
średnio,1
zapoznać,1
zatwierdzająca,1
wnioskowy,1
zastępczy,1
ułamkowy,1
zastosować,1
ułatwienie,1
zaspokajać,1
względy,1
użyteczność,1
wypis,1
zarejestrować,1
zaradczy,1
zapłacić,1
zaprojektować,1
użytek,1
zależny,1
zapobiegać,1
wyposażyć,1
zapis,1
wypowiadać,1
zaopatrywać,1
zaokrąglać,1
łącznie,1
wypłacić,1
wiązać,1
zamówienie,1
zamknięty,1
zamknięcie,1
wyraźnie,1
wyraźny,1
wyładunek,1
CEIDG,1
ustały,1
korygować,1
kołowy,1
kupujący,1
kwadratowy,1
kwalifikować,1
kwota,1
leż,1
lit,1
ludzie,1
magazynowe,1
maja,1
majątkowy,1
materialny,1
megadżul,1
megapaskal,1
metoda,1
metodyk,1
metrologiczny,1
mieniać,1
mikrogram,1
miligram,1
mniejszyć,1
kosztowy,1
korekta,1
modyfikacja,1
koordynować,1
jednostronnie,1
jednoznaczny,1
kalendarzowy,1
kalkulować,1
kaloryczny,1
kapitałowy,1
każdorazowy,1
kelwin,1
kilometr,1
kilowatogodzina,1
klasyfikacja,1
klauzula,1
komercyjny,1
kompletność,1
koncentracja,1
kondensacja,1
konfiguracja,1
konkurencja,1
konserwacyjny,1
kontraktowe,1
koordynacja,1
modernizacyjny,1
molowy,1
optymalizacja,1
obejściowy,1
obiektywny,1
obliczyć,1
obniżać,1
obsługa,1
odcinek,1
odczytywać,1
oddany,1
oddziaływanie,1
oddzielnie,1
odprzedaż,1
odrzucać,1
odrzucić,1
odsprzedawać,1
odsprzedać,1
odwołanie,1
odwołać,1
odzwierciedlać,1
ograniczający,1
ogrzewanie,1
ogłoszenie,1
on-line,1
obiektowy,1
notariusz,1
monitorować,1
normalna,1
możliwe,1
musza,1
nabywać,1
nadciśnienie,1
nadzwyczajnie,1
nadzór,1
nakład,1
należący,1
nazwisko,1
negocjacja,1
niedopuszczenie,1
niedostateczny,1
niedziela,1
niekompletność,1
nielegalny,1
niepewność,1
niepełny,1
nieuczciwy,1
nieważność,1
niezawodny,1
nisko,1
jakikolwiek,1
istnienie,1
instalacyjny,1
certyfikat,1
chromatografia,1
ciekły,1
ciągłość,1
cywilny,1
czego,1
czternastodniowy,1
czwartek,1
czyn,1
cząstka,1
częściowo,1
dacia,1
decydować,1
deklaracja,1
deklarować,1
diagnostyczny,1
ditlenek,1
dobrowolny,1
docelowy,1
dochodzenie,1
dojść,1
dokupić,1
certyfikować,1
celsjusz,1
inicjatywa,1
celowość,1
SGT,1
Tietierowka,1
agencja,1
akredytacja,1
akt,1
aktualności,1
akumulacyjny,1
alternatywny,1
anonimowy,1
atmosferyczny,1
audytor,1
automatyczny,1
automatyk,1
bar,1
bezzwłocznie,1
bieżąco,1
bilans,1
biogaz,1
blokować,1
całkowicie,1
cela,1
dokładność,1
doprecyzować,1
doprowadzać,1
dopuszczać,1
ewidencja,1
ewidencyjny,1
faks,1
fax,1
fizykochemiczny,1
formuła,1
funkcjonalność,1
gotowość,1
graniczny,1
gromadzić,1
grudzień,1
góra,1
górny,1
hurtowy,1
hydraulicznie,1
identyfikacja,1
iloczyn,1
iloraz,1
imię,1
inaczej,1
ingerencja,1
eliminować,1
elementy,1
elektrownia,1
dyżur,1
dopóki,1
dowolnie,1
dołączać,1
dołączyć,1
duży,1
dwanaście,1
dwuletni,1
dwustronny,1
dywersyfikacja,1
dziedzina,1
ekonomicznie,1
dzielić,1
dziesięciokrotność,1
dziewięćdziesiąt,1
dół,1
długość,1
dłużeć,1
e-mail,1
efekt,1
ekipa,1
opis,1
optymalny,1
ustać,1
równomierny,1
równorzędny,1
równoznaczny,1
siedmiodniowy,1
skierowanie,1
skierować,1
skorzystać,1
skrót,1
skuteczny,1
składnik,1
specyfikacja,1
spis,1
spoczywać,1
sprawność,1
sprawozdanie,1
sprowadzić,1
sprzedający,1
sterowanie,1
sterować,1
stopniowy,1
stosowany,1
strata,1
równoprawny,1
rzeczywiście,1
strategiczny,1
rynka,1
rachunki,1
rano,1
rata,1
raz,1
razem,1
redukować,1
regulacyjny,1
rejestrować,1
reklamacja,1
respektować,1
rezerwa,1
robota,1
rocznie,1
ropa,1
roszczenie,1
rozdzielić,1
rozróżniać,1
rozstrzygający,1
rozsądny,1
rozumieć,1
rozwiązać,1
strategia,1
strefa,1
opóźnienie,1
treść,1
trzydziesty,1
tymczasowy,1
tłocznia,1
tłocznie,1
uchylić,1
uczestnica,1
uczestnictwo,1
udzielić,1
ujawnienie,1
ujawnić,1
ujemny,1
ulec,1
ultradźwiękowy,1
umieszczać,1
umieścić,1
uniemożliwić,1
upoważniać,1
uprawnienie,1
uprzednio,1
urzędowy,1
ustawowo,1
trzydziestodniowy,1
transportować,1
stwarzać,1
transmisyjny,1
systematycznie,1
syty,1
szczegółowo,1
szczegółowość,1
szereg,1
szeregować,1
szeregowo,1
sześciomiesięczny,1
sześć,1
sześćdziesiąt,1
szkoda,1
szybki,1
sąd,1
sądowy,1
sąsiadować,1
sąsiedztwo,1
służyć,1
telefon,1
teleinformatyczny,1
tlen,1
tolerancja,1
płynąć,1
płatny,1
pył,1
podażowy,1
podręcznik,1
podzielić,1
podłączyć,1
pogotowie,1
pojawić,1
polskie,1
polubowny,1
pomiara,1
ponieść,1
poprawa,1
poprawny,1
popytowy,1
portal,1
poszkodowany,1
potrzebny,1
potwierdzać,1
potwierdzić,1
poufność,1
powietrze,1
powstawać,1
powszechny,1
poddany,1
podatkowy,1
punk,1
podatek,1
organizować,1
osobno,1
osobny,1
ostateczny,1
ostatnio,1
otoczenie,1
palia,1
papierowy,1
pewien,1
pełnia,1
pierwiastka,1
pierwotnie,1
pierwszeństwo,1
piątek,1
piąty,1
planowy,1
pobory,1
pobranie,1
pochodzić,1
pocztowy,1
początek,1
powyższe,1
powziąć,1
pozostać,1
pozwolić,1
przedsięwzięcie,1
przedwstępny,1
przejrzystość,1
przekrój,1
przeliczenie,1
przeniesienie,1
przepływać,1
przestawić,1
przeszły,1
przetwarzać,1
przewyższać,1
przewód,1
przeznaczenie,1
przeznaczyć,1
przezwyciężyć,1
przystosowanie,1
przystąpić,1
przystępować,1
przyszły,1
przywołać,1
przyznać,1
przedmiotowy,1
przeciążenie,1
przeciwkorozyjny,1
prawnie,1
pozyskać,1
pozytywnie,1
pośrednictwo,1
poświadczać,1
pracować,1
pracownik,1
prawdopodobieństwo,1
prawidłowo,1
prawić,1
precyzja,1
przechowywanie,1
Europol,1
produkcyjny,1
produktowy,1
profil,1
projektowy,1
proporcjonalny,1
przebiegać,1
przebudować,1
przechodzić,1
żądać,1
